unique_id,failed_transaction,succesful_transaction,revenue,profit,inventory_count
0,34,261,108593.34999999974,14164.349999999964,154
1,165,176,70722.69999999995,9224.700000000035,238
2,397,265,84081.1000000003,10967.100000000033,71
3,108,194,84299.59999999983,10995.600000000006,98
