unique_id,failed_transaction,succesful_transaction,revenue,profit,inventory_count
0,435,31,10747.899999999992,1401.9000000000005,10
1,430,51,18520.74999999999,2415.7500000000014,0
2,290,50,15895.300000000007,2073.2999999999975,16
3,324,39,9003.349999999995,1174.3499999999995,0
4,507,26,9581.800000000005,1249.7999999999984,0
5,286,43,16646.249999999996,2171.249999999999,21
6,365,25,7349.649999999997,958.6500000000005,1
7,264,39,15878.049999999996,2071.05,9
