unique_id,failed_transaction,succesful_transaction,revenue,profit,inventory_count
0,546,34,10254.549999999996,1337.5500000000006,0
1,549,33,10458.100000000004,1364.1,8
2,432,30,14013.900000000005,1827.8999999999974,25
3,504,37,14273.800000000007,1861.8000000000015,12
4,504,36,15607.800000000016,2035.7999999999995,0
5,564,21,7194.4,938.3999999999999,0
6,512,41,16296.65000000001,2125.65,8
