unique_id,failed_transaction,succesful_transaction,revenue,profit,inventory_count
0,124,25,10574.25,1379.2499999999986,160
1,180,8,4489.599999999999,585.5999999999995,296
2,60,16,7070.2,922.1999999999998,169
3,144,12,6375.600000000001,831.5999999999995,225
