unique_id,failed_transaction,succesful_transaction,revenue,profit,inventory_count
0,456,63,27045.700000000023,3527.699999999995,312
1,460,81,36373.34999999995,4744.349999999997,361
2,448,73,32763.5,4273.5,334
3,380,58,26933.00000000001,3512.999999999995,241
4,356,50,22108.75000000002,2883.7499999999986,348
