unique_id,failed_transaction,succesful_transaction,revenue,profit,inventory_count
0,1039,23,8882.599999999999,1158.6000000000001,0
1,1094,46,18459.800000000003,2407.8000000000015,0
2,1156,35,10118.849999999995,1319.8499999999988,0
3,1170,40,14769.450000000008,1926.4499999999994,0
