unique_id,failed_transaction,succesful_transaction,revenue,profit,inventory_count
0,9962,46,16274.800000000003,2122.8,0
1,9757,50,17884.800000000007,2332.8,0
2,9533,64,23997.050000000003,3130.0499999999965,0
3,9375,31,9812.950000000003,1279.949999999999,0
