unique_id,failed_transaction,succesful_transaction,revenue,profit,inventory_count
0,38,11,5043.900000000001,657.8999999999996,40
1,39,5,2144.75,279.74999999999983,43
2,12,15,3333.85,434.8499999999998,32
3,3,13,3382.1500000000005,441.1499999999998,27
