unique_id,failed_transaction,succesful_transaction,revenue,profit,inventory_count
0,36,7,2804.85,365.8499999999999,49
1,4,21,5801.749999999998,756.7499999999998,43
2,46,9,2956.6499999999996,385.6499999999997,47
3,64,3,1666.35,217.3499999999998,48
