unique_id,failed_transaction,succesful_transaction,revenue,profit,inventory_count
0,688,0,0,0,440
1,708,0,0,0,199
2,667,81,37818.90000000005,4932.9,251
3,270,168,55968.20000000009,7300.200000000003,215
4,310,147,51898.350000000115,6769.350000000017,187
