unique_id,failed_transaction,succesful_transaction,revenue,profit,inventory_count
0,36,8,4057.2000000000003,529.1999999999998,58
1,28,8,2704.8,352.79999999999995,27
2,46,7,2884.2,376.19999999999976,24
3,52,3,1528.35,199.34999999999997,24
