unique_id,failed_transaction,succesful_transaction,revenue,profit,inventory_count
0,53,5,2098.75,273.7499999999999,39
1,65,15,5997.249999999999,782.25,48
2,32,1,464.59999999999997,60.599999999999966,19
3,63,11,4422.9,576.8999999999996,31
