unique_id,failed_transaction,succesful_transaction,revenue,profit,inventory_count
0,121,5,1670.9499999999998,217.94999999999987,1
1,104,4,1366.2,178.19999999999993,3
2,130,2,816.4999999999999,106.49999999999989,3
3,114,2,850.9999999999999,110.99999999999989,0
